{
  "results": [
    {
      "command": "snix",
      "mean": 0.98240762388,
      "stddev": 0.006177430036399497,
      "median": 0.98520974668,
      "user": 0.87326418,
      "system": 0.10431706,
      "min": 0.9714738191800001,
      "max": 0.9884366441800001,
      "times": [
        0.9862443041800001,
        0.9864875071800001,
        0.9862088981800001,
        0.9865077711800001,
        0.9884366441800001,
        0.9714738191800001,
        0.9835352341800001,
        0.9719803951800001,
        0.9842105951800001,
        0.9789910701800001
      ],
      "exit_codes": [
        0,
        0,
        0,
        0,
        0,
        0,
        0,
        0,
        0,
        0
      ]
    },
    {
      "command": "nix-instantiate",
      "mean": 0.39598935777999994,
      "stddev": 0.005425842159149147,
      "median": 0.39447106318,
      "user": 0.20991637999999996,
      "system": 0.09818695999999999,
      "min": 0.38862929018,
      "max": 0.40404834718,
      "times": [
        0.38862929018,
        0.39240453618,
        0.39006498118,
        0.40058620918,
        0.39247391618,
        0.40229338018,
        0.40045079118,
        0.39474114018,
        0.40404834718,
        0.39420098618
      ],
      "exit_codes": [
        0,
        0,
        0,
        0,
        0,
        0,
        0,
        0,
        0,
        0
      ]
    }
  ]
}
