{
  "results": [
    {
      "command": "snix",
      "mean": 0.9923786810600002,
      "stddev": 0.004993990839369245,
      "median": 0.99218560596,
      "user": 0.8835505399999999,
      "system": 0.10534709999999999,
      "min": 0.9865645219600001,
      "max": 1.0008503289600001,
      "times": [
        0.99787627796,
        0.99717679096,
        0.9865645219600001,
        0.9874382069600001,
        0.9935637139600001,
        0.99161459596,
        1.0008503289600001,
        0.98834662596,
        0.98759913196,
        0.9927566159600001
      ],
      "exit_codes": [
        0,
        0,
        0,
        0,
        0,
        0,
        0,
        0,
        0,
        0
      ]
    },
    {
      "command": "nix-instantiate",
      "mean": 0.39390177776,
      "stddev": 0.007365523615160822,
      "median": 0.39451878496000004,
      "user": 0.20986324,
      "system": 0.09935919999999998,
      "min": 0.38421975096,
      "max": 0.40503436296,
      "times": [
        0.38479121796000004,
        0.39337668896,
        0.38904392896,
        0.39566088096,
        0.39841775196,
        0.40215728296000003,
        0.40503436296,
        0.38421975096,
        0.39911434996,
        0.38720156196
      ],
      "exit_codes": [
        0,
        0,
        0,
        0,
        0,
        0,
        0,
        0,
        0,
        0
      ]
    }
  ]
}
