{
  "results": [
    {
      "command": "snix",
      "mean": 0.9982839475000003,
      "stddev": 0.005074797567705591,
      "median": 0.9997432172,
      "user": 0.8889291799999999,
      "system": 0.10508663999999998,
      "min": 0.9894697187000001,
      "max": 1.0034302247000002,
      "times": [
        1.0009668597,
        0.9905852427,
        1.0034302247000002,
        1.0029442847,
        0.9984985267,
        1.0028029377,
        0.9988694927,
        1.0006169417000002,
        0.9894697187000001,
        0.9946552457000001
      ],
      "exit_codes": [
        0,
        0,
        0,
        0,
        0,
        0,
        0,
        0,
        0,
        0
      ]
    },
    {
      "command": "nix-instantiate",
      "mean": 0.3911409052,
      "stddev": 0.007299974265004027,
      "median": 0.3873938342,
      "user": 0.20682527999999997,
      "system": 0.10036753999999999,
      "min": 0.3839659247,
      "max": 0.4020216307,
      "times": [
        0.3990254877,
        0.3851388357,
        0.38587494170000003,
        0.3862909057,
        0.3839659247,
        0.3944537267,
        0.3884967627,
        0.4020216307,
        0.4012825867,
        0.38485824970000004
      ],
      "exit_codes": [
        0,
        0,
        0,
        0,
        0,
        0,
        0,
        0,
        0,
        0
      ]
    }
  ]
}
