{
  "results": [
    {
      "command": "snix",
      "mean": 1.0092816611400002,
      "stddev": 0.005218810386984416,
      "median": 1.01003384934,
      "user": 0.8911426800000001,
      "system": 0.11325063999999999,
      "min": 0.9988678183399999,
      "max": 1.01706625534,
      "times": [
        1.00678715134,
        0.9988678183399999,
        1.01469600534,
        1.01706625534,
        1.01010003834,
        1.01090094034,
        1.00373735134,
        1.00996766034,
        1.01171923634,
        1.0089741543400002
      ],
      "exit_codes": [
        0,
        0,
        0,
        0,
        0,
        0,
        0,
        0,
        0,
        0
      ]
    },
    {
      "command": "nix-instantiate",
      "mean": 0.39929078434000004,
      "stddev": 0.005270895636498241,
      "median": 0.39853674284,
      "user": 0.20707928,
      "system": 0.10395653999999999,
      "min": 0.39176420434000003,
      "max": 0.40891496334,
      "times": [
        0.40331283934,
        0.39814207534,
        0.39189921134,
        0.39176420434000003,
        0.39709444234,
        0.40096179334000004,
        0.39868366934,
        0.40891496334,
        0.39838981634000004,
        0.40374482834000003
      ],
      "exit_codes": [
        0,
        0,
        0,
        0,
        0,
        0,
        0,
        0,
        0,
        0
      ]
    }
  ]
}
