{
  "results": [
    {
      "command": "snix",
      "mean": 1.0542184454199999,
      "stddev": 0.010183777065539188,
      "median": 1.05155046872,
      "user": 0.9440582200000002,
      "system": 0.10598679999999998,
      "min": 1.04162626222,
      "max": 1.07102742722,
      "times": [
        1.04789106322,
        1.06730376922,
        1.06433425022,
        1.04463698122,
        1.05630097122,
        1.04162626222,
        1.05182844422,
        1.05127249322,
        1.04596279222,
        1.07102742722
      ],
      "exit_codes": [
        0,
        0,
        0,
        0,
        0,
        0,
        0,
        0,
        0,
        0
      ]
    },
    {
      "command": "nix-instantiate",
      "mean": 0.46046730432,
      "stddev": 0.00867846879081639,
      "median": 0.45814851172000004,
      "user": 0.22575982,
      "system": 0.10273419999999997,
      "min": 0.45146508622000003,
      "max": 0.4755991492200001,
      "times": [
        0.45602126722,
        0.46461653822000004,
        0.4602668502200001,
        0.45603017322000006,
        0.47265668422000007,
        0.45156719722000005,
        0.45217237522000003,
        0.4642777222200001,
        0.45146508622000003,
        0.4755991492200001
      ],
      "exit_codes": [
        0,
        0,
        0,
        0,
        0,
        0,
        0,
        0,
        0,
        0
      ]
    }
  ]
}
