{
  "results": [
    {
      "command": "snix",
      "mean": 0.9990534239600002,
      "stddev": 0.006707768789553889,
      "median": 1.00003175376,
      "user": 0.8844703999999999,
      "system": 0.10999154,
      "min": 0.9867577457600001,
      "max": 1.00659255176,
      "times": [
        0.9867577457600001,
        1.00583940376,
        1.00275509276,
        0.9971564387600002,
        0.99882373776,
        1.00123976976,
        0.9966885617600001,
        1.00499817776,
        0.9896827597600001,
        1.00659255176
      ],
      "exit_codes": [
        0,
        0,
        0,
        0,
        0,
        0,
        0,
        0,
        0,
        0
      ]
    },
    {
      "command": "nix-instantiate",
      "mean": 0.38954232736000005,
      "stddev": 0.005403927467583699,
      "median": 0.38810796426000005,
      "user": 0.20640070000000002,
      "system": 0.09833504000000001,
      "min": 0.38363616876,
      "max": 0.39850954476,
      "times": [
        0.38379356976,
        0.39043910176,
        0.39745389376,
        0.38749373176,
        0.39349680876000004,
        0.39850954476,
        0.38759293476,
        0.38363616876,
        0.38862299376000004,
        0.38438452576000004
      ],
      "exit_codes": [
        0,
        0,
        0,
        0,
        0,
        0,
        0,
        0,
        0,
        0
      ]
    }
  ]
}
