{
  "results": [
    {
      "command": "snix",
      "mean": 1.0388753186000002,
      "stddev": 0.00990655345593412,
      "median": 1.0402088428,
      "user": 0.9256662999999999,
      "system": 0.10802648000000001,
      "min": 1.0212999728,
      "max": 1.0523712978,
      "times": [
        1.0508342338,
        1.0389006828,
        1.0415170028,
        1.0212999728,
        1.0302475508,
        1.0523712978,
        1.0368015218,
        1.0449177218,
        1.0433359438,
        1.0285272578
      ],
      "exit_codes": [
        0,
        0,
        0,
        0,
        0,
        0,
        0,
        0,
        0,
        0
      ]
    },
    {
      "command": "nix-instantiate",
      "mean": 0.46732263790000006,
      "stddev": 0.00886835783962434,
      "median": 0.46492089030000006,
      "user": 0.2339573,
      "system": 0.09803058,
      "min": 0.45715575080000004,
      "max": 0.48591467180000003,
      "times": [
        0.4646540678,
        0.46518771280000004,
        0.45715575080000004,
        0.46248150680000005,
        0.46317996680000006,
        0.46773061480000006,
        0.47679215680000003,
        0.48591467180000003,
        0.47236190880000006,
        0.45776802180000004
      ],
      "exit_codes": [
        0,
        0,
        0,
        0,
        0,
        0,
        0,
        0,
        0,
        0
      ]
    }
  ]
}
