{
  "results": [
    {
      "command": "snix",
      "mean": 0.9368692369600001,
      "stddev": 0.005526251401731275,
      "median": 0.93715603056,
      "user": 0.6639707399999999,
      "system": 0.29161284,
      "min": 0.92752421906,
      "max": 0.9460717500600001,
      "times": [
        0.92752421906,
        0.9324841100600001,
        0.93533899606,
        0.9385429340600001,
        0.93704643306,
        0.93131491206,
        0.94288911606,
        0.93726562806,
        0.9402142710600001,
        0.9460717500600001
      ],
      "exit_codes": [
        0,
        0,
        0,
        0,
        0,
        0,
        0,
        0,
        0,
        0
      ]
    },
    {
      "command": "nix-instantiate",
      "mean": 0.28293733736000004,
      "stddev": 0.005188883816456704,
      "median": 0.28263213006000004,
      "user": 0.14372583999999997,
      "system": 0.09687714,
      "min": 0.27487878606000005,
      "max": 0.29395009006000006,
      "times": [
        0.27917516506,
        0.28523862606000006,
        0.28106432606000004,
        0.28359323406000003,
        0.28167102606000005,
        0.27875755606,
        0.29395009006000006,
        0.27487878606000005,
        0.28589203206,
        0.28515253206
      ],
      "exit_codes": [
        0,
        0,
        0,
        0,
        0,
        0,
        0,
        0,
        0,
        0
      ]
    }
  ]
}
