{
  "results": [
    {
      "command": "snix",
      "mean": 1.0534971186199997,
      "stddev": 0.012880256935967236,
      "median": 1.04984841512,
      "user": 0.9336927999999999,
      "system": 0.11520799999999998,
      "min": 1.03715550562,
      "max": 1.0813727446199999,
      "times": [
        1.05118863262,
        1.0429843856199998,
        1.0481371096199998,
        1.0523667536199999,
        1.03715550562,
        1.06599621962,
        1.04850819762,
        1.04582045262,
        1.0813727446199999,
        1.0614411846199998
      ],
      "exit_codes": [
        0,
        0,
        0,
        0,
        0,
        0,
        0,
        0,
        0,
        0
      ]
    },
    {
      "command": "nix-instantiate",
      "mean": 0.46643073382000005,
      "stddev": 0.011275636217542512,
      "median": 0.46436007362000004,
      "user": 0.22705540000000002,
      "system": 0.10303069999999999,
      "min": 0.45137087462000003,
      "max": 0.48213378462000006,
      "times": [
        0.45137087462000003,
        0.48213378462000006,
        0.47874821662000006,
        0.48172826362000004,
        0.46289899062000006,
        0.45138041162000003,
        0.46034086662,
        0.46466383962,
        0.46698578262,
        0.46405630762000005
      ],
      "exit_codes": [
        0,
        0,
        0,
        0,
        0,
        0,
        0,
        0,
        0,
        0
      ]
    }
  ]
}
