{
  "results": [
    {
      "command": "snix",
      "mean": 1.04827595702,
      "stddev": 0.007453481203816203,
      "median": 1.04873373002,
      "user": 0.93125454,
      "system": 0.11170169999999999,
      "min": 1.03686935952,
      "max": 1.05761111652,
      "times": [
        1.03686935952,
        1.05078164152,
        1.04668581852,
        1.03869464452,
        1.05432820952,
        1.0448869355200001,
        1.04257263552,
        1.05697777752,
        1.05761111652,
        1.05335143152
      ],
      "exit_codes": [
        0,
        0,
        0,
        0,
        0,
        0,
        0,
        0,
        0,
        0
      ]
    },
    {
      "command": "nix-instantiate",
      "mean": 0.47003737801999995,
      "stddev": 0.009528335617981575,
      "median": 0.47024217402,
      "user": 0.23123954000000002,
      "system": 0.104102,
      "min": 0.45776747552,
      "max": 0.48885017752,
      "times": [
        0.47785548452,
        0.46887644652,
        0.48885017752,
        0.47160790152,
        0.47391909152,
        0.47577541552,
        0.46286803352,
        0.46132722852,
        0.46152652552,
        0.45776747552
      ],
      "exit_codes": [
        0,
        0,
        0,
        0,
        0,
        0,
        0,
        0,
        0,
        0
      ]
    }
  ]
}
