{
  "results": [
    {
      "command": "snix",
      "mean": 1.0328886049199997,
      "stddev": 0.006018988078711892,
      "median": 1.03362790542,
      "user": 0.9209107600000002,
      "system": 0.10692667999999998,
      "min": 1.02475720792,
      "max": 1.04411302592,
      "times": [
        1.02475720792,
        1.0316637559200001,
        1.04411302592,
        1.03617749192,
        1.03440206992,
        1.0260147909200001,
        1.03340182892,
        1.03385398192,
        1.02633143692,
        1.03817045892
      ],
      "exit_codes": [
        0,
        0,
        0,
        0,
        0,
        0,
        0,
        0,
        0,
        0
      ]
    },
    {
      "command": "nix-instantiate",
      "mean": 0.4590820913200001,
      "stddev": 0.009168726205694812,
      "median": 0.45951659142000006,
      "user": 0.22524635999999995,
      "system": 0.10355968,
      "min": 0.44299748892000007,
      "max": 0.47504554792000003,
      "times": [
        0.44299748892000007,
        0.45967754492000007,
        0.46178060892000006,
        0.45892082192000005,
        0.47504554792000003,
        0.46291823892000006,
        0.45935563792000006,
        0.46712500792000006,
        0.45602358892000006,
        0.44697642692000006
      ],
      "exit_codes": [
        0,
        0,
        0,
        0,
        0,
        0,
        0,
        0,
        0,
        0
      ]
    }
  ]
}
