{
  "results": [
    {
      "command": "snix",
      "mean": 1.0294279152199999,
      "stddev": 0.01115139235648074,
      "median": 1.0276946001199998,
      "user": 0.9161157399999998,
      "system": 0.10766131999999999,
      "min": 1.0187083956199998,
      "max": 1.05487257062,
      "times": [
        1.0319447286199999,
        1.02043598162,
        1.03077696362,
        1.05487257062,
        1.0187083956199998,
        1.02198152462,
        1.0191562376199998,
        1.02461223662,
        1.0357641846199999,
        1.03602632862
      ],
      "exit_codes": [
        0,
        0,
        0,
        0,
        0,
        0,
        0,
        0,
        0,
        0
      ]
    },
    {
      "command": "nix-instantiate",
      "mean": 0.46521903102000006,
      "stddev": 0.009254871903706321,
      "median": 0.46596331912000005,
      "user": 0.22489973999999996,
      "system": 0.10301321999999999,
      "min": 0.45225908462000003,
      "max": 0.4778649616200001,
      "times": [
        0.46035382362000005,
        0.45225908462000003,
        0.4778649616200001,
        0.46696548362000007,
        0.46881809262000007,
        0.45296268062000006,
        0.45772629162000006,
        0.47495421362000007,
        0.47532452362000005,
        0.46496115462000004
      ],
      "exit_codes": [
        0,
        0,
        0,
        0,
        0,
        0,
        0,
        0,
        0,
        0
      ]
    }
  ]
}
