{
  "results": [
    {
      "command": "snix",
      "mean": 1.07998772842,
      "stddev": 0.006536073323776913,
      "median": 1.08035952162,
      "user": 0.9660223599999999,
      "system": 0.10932028,
      "min": 1.07165724062,
      "max": 1.09033540662,
      "times": [
        1.08227136462,
        1.0735345406199999,
        1.07165724062,
        1.08121218962,
        1.08966559862,
        1.0795068536199999,
        1.0751783956199998,
        1.08253837362,
        1.0739773206199998,
        1.09033540662
      ],
      "exit_codes": [
        0,
        0,
        0,
        0,
        0,
        0,
        0,
        0,
        0,
        0
      ]
    },
    {
      "command": "nix-instantiate",
      "mean": 0.47750579332000004,
      "stddev": 0.011811173590242238,
      "median": 0.47330537612,
      "user": 0.23467425999999997,
      "system": 0.10711168,
      "min": 0.46399121862000003,
      "max": 0.49270928962000005,
      "times": [
        0.49270928962000005,
        0.46399121862000003,
        0.47387033462000006,
        0.49120266062,
        0.49196992662000005,
        0.46505576762,
        0.47274041762,
        0.46547610362,
        0.48625625562,
        0.47178595862
      ],
      "exit_codes": [
        0,
        0,
        0,
        0,
        0,
        0,
        0,
        0,
        0,
        0
      ]
    }
  ]
}
