{
  "results": [
    {
      "command": "snix",
      "mean": 1.0270060166800001,
      "stddev": 0.005923914214660849,
      "median": 1.02591183278,
      "user": 0.9114903,
      "system": 0.11075074,
      "min": 1.01919119728,
      "max": 1.0373360762800001,
      "times": [
        1.02208130328,
        1.02167103328,
        1.03161265228,
        1.0373360762800001,
        1.02423507628,
        1.03272687528,
        1.02758858928,
        1.03088874028,
        1.01919119728,
        1.0227286232800001
      ],
      "exit_codes": [
        0,
        0,
        0,
        0,
        0,
        0,
        0,
        0,
        0,
        0
      ]
    },
    {
      "command": "nix-instantiate",
      "mean": 0.47008655868,
      "stddev": 0.008200895867521686,
      "median": 0.47182669578,
      "user": 0.2327349,
      "system": 0.09985894,
      "min": 0.45932617928,
      "max": 0.48065686128,
      "times": [
        0.47814458428000006,
        0.47576743728000004,
        0.47260475428000004,
        0.46789237028,
        0.47104863728,
        0.45937191528000004,
        0.48065686128,
        0.45932617928,
        0.45950592628000003,
        0.47654692128000004
      ],
      "exit_codes": [
        0,
        0,
        0,
        0,
        0,
        0,
        0,
        0,
        0,
        0
      ]
    }
  ]
}
