{
  "results": [
    {
      "command": "snix",
      "mean": 1.0562264899200002,
      "stddev": 0.012666174150511156,
      "median": 1.05343297132,
      "user": 0.9426168200000001,
      "system": 0.10937824,
      "min": 1.03883495882,
      "max": 1.07953574282,
      "times": [
        1.07953574282,
        1.06003267882,
        1.05313595082,
        1.03955223582,
        1.05081769382,
        1.05372999182,
        1.05254392682,
        1.03883495882,
        1.06448334282,
        1.06959837682
      ],
      "exit_codes": [
        0,
        0,
        0,
        0,
        0,
        0,
        0,
        0,
        0,
        0
      ]
    },
    {
      "command": "nix-instantiate",
      "mean": 0.47093468231999996,
      "stddev": 0.007665164605344923,
      "median": 0.47010607832,
      "user": 0.22384021999999998,
      "system": 0.11079133999999999,
      "min": 0.46010397782,
      "max": 0.48422638282,
      "times": [
        0.47493963682,
        0.48001866982,
        0.47045055782,
        0.46270220682,
        0.46976159882,
        0.46784915682,
        0.46010397782,
        0.48422638282,
        0.47484546882,
        0.46444916682
      ],
      "exit_codes": [
        0,
        0,
        0,
        0,
        0,
        0,
        0,
        0,
        0,
        0
      ]
    }
  ]
}
