{
  "results": [
    {
      "command": "snix",
      "mean": 1.00696605408,
      "stddev": 0.010891527403293667,
      "median": 1.00414568388,
      "user": 0.89060448,
      "system": 0.11105814000000003,
      "min": 0.99430267238,
      "max": 1.0297340403800002,
      "times": [
        1.01019322438,
        1.01459056538,
        0.99801620838,
        1.0044505883800001,
        1.0035139073800001,
        1.0297340403800002,
        0.99430267238,
        1.0038407793800002,
        1.0157068683800001,
        0.99531168638
      ],
      "exit_codes": [
        0,
        0,
        0,
        0,
        0,
        0,
        0,
        0,
        0,
        0
      ]
    },
    {
      "command": "nix-instantiate",
      "mean": 0.40076288388000003,
      "stddev": 0.007925192138816772,
      "median": 0.40248458338000004,
      "user": 0.20892497999999998,
      "system": 0.10297064,
      "min": 0.38889762138000006,
      "max": 0.41150078138,
      "times": [
        0.38968199538000003,
        0.40686057838000006,
        0.40882193538000006,
        0.40334392938,
        0.39722903038,
        0.40543096838000003,
        0.41150078138,
        0.38889762138000006,
        0.40162523738000006,
        0.39423676138
      ],
      "exit_codes": [
        0,
        0,
        0,
        0,
        0,
        0,
        0,
        0,
        0,
        0
      ]
    }
  ]
}
