{
  "results": [
    {
      "command": "snix",
      "mean": 1.0474165171999998,
      "stddev": 0.007151886176743824,
      "median": 1.048241578,
      "user": 0.93318218,
      "system": 0.10925772,
      "min": 1.0358227685,
      "max": 1.0562204125,
      "times": [
        1.0534116595,
        1.0470093945,
        1.0494737615,
        1.0424566835,
        1.0393345765000002,
        1.0553739795000001,
        1.0422956625000002,
        1.0527662735,
        1.0562204125,
        1.0358227685
      ],
      "exit_codes": [
        0,
        0,
        0,
        0,
        0,
        0,
        0,
        0,
        0,
        0
      ]
    },
    {
      "command": "nix-instantiate",
      "mean": 0.46114973710000007,
      "stddev": 0.009128089151233448,
      "median": 0.46076525300000004,
      "user": 0.22213158000000002,
      "system": 0.10405271999999999,
      "min": 0.45017558650000006,
      "max": 0.47700968950000006,
      "times": [
        0.45361662850000006,
        0.45041558350000005,
        0.45017558650000006,
        0.45492995850000006,
        0.46923861450000004,
        0.47700968950000006,
        0.46291754350000003,
        0.47019443150000007,
        0.46438637250000003,
        0.45861296250000005
      ],
      "exit_codes": [
        0,
        0,
        0,
        0,
        0,
        0,
        0,
        0,
        0,
        0
      ]
    }
  ]
}
