{
  "results": [
    {
      "command": "snix",
      "mean": 1.0113269652999999,
      "stddev": 0.009581195086163088,
      "median": 1.0098833426,
      "user": 0.8990686,
      "system": 0.10704812000000001,
      "min": 1.0000252856,
      "max": 1.0306764376,
      "times": [
        1.0049272096,
        1.0121113216,
        1.0082685696,
        1.0079119216,
        1.0017717646,
        1.0000252856,
        1.0243651556,
        1.0306764376,
        1.0117138716,
        1.0114981156
      ],
      "exit_codes": [
        0,
        0,
        0,
        0,
        0,
        0,
        0,
        0,
        0,
        0
      ]
    },
    {
      "command": "nix-instantiate",
      "mean": 0.40604693560000005,
      "stddev": 0.010070656850351403,
      "median": 0.40495102410000006,
      "user": 0.21786549999999996,
      "system": 0.09911012000000001,
      "min": 0.39324874860000003,
      "max": 0.42266832260000003,
      "times": [
        0.42266832260000003,
        0.40441703760000003,
        0.39324874860000003,
        0.40548501060000003,
        0.41679032460000004,
        0.3960999076,
        0.3971549266,
        0.4158208056,
        0.4105276836,
        0.3982565886
      ],
      "exit_codes": [
        0,
        0,
        0,
        0,
        0,
        0,
        0,
        0,
        0,
        0
      ]
    }
  ]
}
