{
  "results": [
    {
      "command": "snix",
      "mean": 1.05156257364,
      "stddev": 0.008847851155306102,
      "median": 1.0545709309400002,
      "user": 0.9389521599999998,
      "system": 0.10809611999999999,
      "min": 1.0329712289400002,
      "max": 1.0624884169400002,
      "times": [
        1.0549973569400002,
        1.0487370769400002,
        1.0329712289400002,
        1.0624884169400002,
        1.05431734994,
        1.0464585859400002,
        1.0548245119400002,
        1.04366191094,
        1.05589693294,
        1.06127236494
      ],
      "exit_codes": [
        0,
        0,
        0,
        0,
        0,
        0,
        0,
        0,
        0,
        0
      ]
    },
    {
      "command": "nix-instantiate",
      "mean": 0.47285320004000003,
      "stddev": 0.008957114785048483,
      "median": 0.4744408024400001,
      "user": 0.22834915999999997,
      "system": 0.10850101999999999,
      "min": 0.45731108094000006,
      "max": 0.48380151494000007,
      "times": [
        0.47028880494,
        0.47805001094000005,
        0.46275381394000004,
        0.45731108094000006,
        0.47591858094000006,
        0.47296302394000006,
        0.46492426994,
        0.48380151494000007,
        0.47887033894000003,
        0.48365056094000003
      ],
      "exit_codes": [
        0,
        0,
        0,
        0,
        0,
        0,
        0,
        0,
        0,
        0
      ]
    }
  ]
}
