{
  "results": [
    {
      "command": "snix",
      "mean": 1.02043185052,
      "stddev": 0.008652466413498532,
      "median": 1.02200040982,
      "user": 0.90560488,
      "system": 0.10961563999999999,
      "min": 0.9988456128200001,
      "max": 1.03089126882,
      "times": [
        1.02216799482,
        1.03089126882,
        1.01995035782,
        1.02271258682,
        1.01823318682,
        1.01836915482,
        1.02197632682,
        1.02914752282,
        0.9988456128200001,
        1.02202449282
      ],
      "exit_codes": [
        0,
        0,
        0,
        0,
        0,
        0,
        0,
        0,
        0,
        0
      ]
    },
    {
      "command": "nix-instantiate",
      "mean": 0.4612688878200001,
      "stddev": 0.008551377248841571,
      "median": 0.46298545682000003,
      "user": 0.22113988,
      "system": 0.10345004,
      "min": 0.44927189882,
      "max": 0.47589510782000005,
      "times": [
        0.45175046682000003,
        0.46316197582,
        0.46280893782000004,
        0.46825061582000005,
        0.46697716382000004,
        0.45574038982000004,
        0.44927189882,
        0.46593406382,
        0.47589510782000005,
        0.45289825782000004
      ],
      "exit_codes": [
        0,
        0,
        0,
        0,
        0,
        0,
        0,
        0,
        0,
        0
      ]
    }
  ]
}
