{
  "results": [
    {
      "command": "snix",
      "mean": 1.0988272028800001,
      "stddev": 0.013376963257640307,
      "median": 1.09561625508,
      "user": 0.9825979800000001,
      "system": 0.11130966,
      "min": 1.08140267958,
      "max": 1.12114983558,
      "times": [
        1.09828905558,
        1.10451303958,
        1.11797068558,
        1.0859229375800001,
        1.0928274665800002,
        1.08760809558,
        1.09294345458,
        1.10564477858,
        1.12114983558,
        1.08140267958
      ],
      "exit_codes": [
        0,
        0,
        0,
        0,
        0,
        0,
        0,
        0,
        0,
        0
      ]
    },
    {
      "command": "nix-instantiate",
      "mean": 0.47434588718000004,
      "stddev": 0.010474465700830543,
      "median": 0.47277895108,
      "user": 0.23290908,
      "system": 0.10615265999999998,
      "min": 0.46031293258,
      "max": 0.49142507558000004,
      "times": [
        0.46031293258,
        0.46815756058,
        0.46999953858000004,
        0.48045701058,
        0.49142507558000004,
        0.48966052658000003,
        0.46231416458,
        0.46973368658000003,
        0.47584001258,
        0.47555836358000003
      ],
      "exit_codes": [
        0,
        0,
        0,
        0,
        0,
        0,
        0,
        0,
        0,
        0
      ]
    }
  ]
}
