{
  "results": [
    {
      "command": "snix",
      "mean": 1.07858522264,
      "stddev": 0.029198976117493083,
      "median": 1.07191944974,
      "user": 0.9690701599999999,
      "system": 0.1049476,
      "min": 1.05248829624,
      "max": 1.1566631242399998,
      "times": [
        1.07226001624,
        1.05617759924,
        1.06653284224,
        1.1566631242399998,
        1.07157888324,
        1.05248829624,
        1.08512608024,
        1.08029458024,
        1.07663611824,
        1.06809468624
      ],
      "exit_codes": [
        0,
        0,
        0,
        0,
        0,
        0,
        0,
        0,
        0,
        0
      ]
    },
    {
      "command": "nix-instantiate",
      "mean": 0.48002514394,
      "stddev": 0.013301984337476015,
      "median": 0.47811262674,
      "user": 0.23848165999999998,
      "system": 0.10327469999999998,
      "min": 0.46420366224000004,
      "max": 0.5142275942400001,
      "times": [
        0.47596411024,
        0.47776068124,
        0.46958549224,
        0.47846457224,
        0.48285214124000003,
        0.48176205624,
        0.5142275942400001,
        0.47474574924,
        0.48068538024,
        0.46420366224000004
      ],
      "exit_codes": [
        0,
        0,
        0,
        0,
        0,
        0,
        0,
        0,
        0,
        0
      ]
    }
  ]
}
