{
  "results": [
    {
      "command": "snix",
      "mean": 1.00975175682,
      "stddev": 0.014399280671782014,
      "median": 1.00359664052,
      "user": 0.8979404599999998,
      "system": 0.1070903,
      "min": 0.9957865115200001,
      "max": 1.04318566152,
      "times": [
        1.00107528152,
        0.9987740225199999,
        1.00335655952,
        1.04318566152,
        1.02017149052,
        1.02079416652,
        1.00294285552,
        1.00383672152,
        1.00759429752,
        0.9957865115200001
      ],
      "exit_codes": [
        0,
        0,
        0,
        0,
        0,
        0,
        0,
        0,
        0,
        0
      ]
    },
    {
      "command": "nix-instantiate",
      "mean": 0.39016497222000013,
      "stddev": 0.007536658570186986,
      "median": 0.38679791052,
      "user": 0.20722056000000003,
      "system": 0.1012005,
      "min": 0.38367724452000007,
      "max": 0.40391567252000005,
      "times": [
        0.38367724452000007,
        0.39967329752,
        0.38393138152000006,
        0.38461533652,
        0.38554435152,
        0.38426099652,
        0.39011449552,
        0.38805146952,
        0.39786547652000004,
        0.40391567252000005
      ],
      "exit_codes": [
        0,
        0,
        0,
        0,
        0,
        0,
        0,
        0,
        0,
        0
      ]
    }
  ]
}
