{
  "results": [
    {
      "command": "snix",
      "mean": 1.00283358998,
      "stddev": 0.006035156371221874,
      "median": 1.0022556255800001,
      "user": 0.89169158,
      "system": 0.10645925999999999,
      "min": 0.99495954858,
      "max": 1.01132088158,
      "times": [
        0.99536180158,
        1.0041750175800002,
        0.99987099158,
        1.0003362335800001,
        1.01132088158,
        1.00796206658,
        1.0083039635800002,
        0.99495954858,
        0.9973290715800001,
        1.00871632358
      ],
      "exit_codes": [
        0,
        0,
        0,
        0,
        0,
        0,
        0,
        0,
        0,
        0
      ]
    },
    {
      "command": "nix-instantiate",
      "mean": 0.40000422368000005,
      "stddev": 0.006315152450895048,
      "median": 0.39997831258000005,
      "user": 0.21158017999999998,
      "system": 0.10047956,
      "min": 0.38629186458000003,
      "max": 0.40893784058000004,
      "times": [
        0.3999421495800001,
        0.40065431358000003,
        0.39709826158000006,
        0.38629186458000003,
        0.40579576258000005,
        0.40001447558000003,
        0.39792717958000007,
        0.40893784058000004,
        0.40608791158000007,
        0.39729247758
      ],
      "exit_codes": [
        0,
        0,
        0,
        0,
        0,
        0,
        0,
        0,
        0,
        0
      ]
    }
  ]
}
