{
  "results": [
    {
      "command": "snix",
      "mean": 1.04592293204,
      "stddev": 0.0045169911657660725,
      "median": 1.04600878504,
      "user": 0.9334648599999997,
      "system": 0.10828160000000002,
      "min": 1.03986046204,
      "max": 1.05175790204,
      "times": [
        1.04868432504,
        1.04323552804,
        1.04144274604,
        1.0407528240400001,
        1.03986046204,
        1.04448270904,
        1.04753486104,
        1.05098160004,
        1.05175790204,
        1.05049636304
      ],
      "exit_codes": [
        0,
        0,
        0,
        0,
        0,
        0,
        0,
        0,
        0,
        0
      ]
    },
    {
      "command": "nix-instantiate",
      "mean": 0.46676075584000004,
      "stddev": 0.010247208056505135,
      "median": 0.46770002954,
      "user": 0.22463845999999998,
      "system": 0.106874,
      "min": 0.44850367104,
      "max": 0.48053432304,
      "times": [
        0.44850367104,
        0.47115500004,
        0.45832061504,
        0.47545269604,
        0.47116976804,
        0.46424505904,
        0.45836007604,
        0.47828338304,
        0.48053432304,
        0.46158296704
      ],
      "exit_codes": [
        0,
        0,
        0,
        0,
        0,
        0,
        0,
        0,
        0,
        0
      ]
    }
  ]
}
