{
  "results": [
    {
      "command": "snix",
      "mean": 1.05869704042,
      "stddev": 0.010510254394659475,
      "median": 1.05818358852,
      "user": 0.9413604399999999,
      "system": 0.11279454,
      "min": 1.04576434752,
      "max": 1.08157209452,
      "times": [
        1.0591015635199998,
        1.05949984052,
        1.08157209452,
        1.06319465752,
        1.04576434752,
        1.06770066752,
        1.05043585252,
        1.0543317725199999,
        1.05726561352,
        1.04810399452
      ],
      "exit_codes": [
        0,
        0,
        0,
        0,
        0,
        0,
        0,
        0,
        0,
        0
      ]
    },
    {
      "command": "nix-instantiate",
      "mean": 0.46604309022,
      "stddev": 0.011765610435850083,
      "median": 0.46461792252,
      "user": 0.22883543999999997,
      "system": 0.10256494000000001,
      "min": 0.45116222852,
      "max": 0.48267467352000004,
      "times": [
        0.45116222852,
        0.45630209152,
        0.48267467352000004,
        0.46641735052,
        0.45828670752,
        0.47784098052,
        0.48026108652,
        0.47266245052,
        0.46281849452,
        0.45200483852
      ],
      "exit_codes": [
        0,
        0,
        0,
        0,
        0,
        0,
        0,
        0,
        0,
        0
      ]
    }
  ]
}
