{
  "results": [
    {
      "command": "snix",
      "mean": 1.0028815476,
      "stddev": 0.007552467711868485,
      "median": 1.0046262623,
      "user": 0.8872803399999999,
      "system": 0.10954914,
      "min": 0.9923649208,
      "max": 1.0129230948,
      "times": [
        1.0067843028,
        0.9989672008,
        1.0112902678,
        0.9923649208,
        1.0089587898,
        1.0057686608,
        0.9931108178,
        1.0129230948,
        0.9951635568,
        1.0034838638
      ],
      "exit_codes": [
        0,
        0,
        0,
        0,
        0,
        0,
        0,
        0,
        0,
        0
      ]
    },
    {
      "command": "nix-instantiate",
      "mean": 0.40149907640000004,
      "stddev": 0.008086340439269821,
      "median": 0.3989580213,
      "user": 0.21257623999999997,
      "system": 0.10263154,
      "min": 0.39173718080000003,
      "max": 0.41640505780000003,
      "times": [
        0.39899312380000007,
        0.41504857580000004,
        0.4020383558,
        0.39661373680000006,
        0.40221216880000005,
        0.41640505780000003,
        0.39173718080000003,
        0.39633555480000005,
        0.3989229188,
        0.39668409080000006
      ],
      "exit_codes": [
        0,
        0,
        0,
        0,
        0,
        0,
        0,
        0,
        0,
        0
      ]
    }
  ]
}
