{
  "results": [
    {
      "command": "snix",
      "mean": 1.0006202198799998,
      "stddev": 0.004851272632934923,
      "median": 1.0005109603800002,
      "user": 0.8824696999999999,
      "system": 0.11400828,
      "min": 0.99316438588,
      "max": 1.0077857758800002,
      "times": [
        1.00072828688,
        0.99316438588,
        1.0077857758800002,
        1.00687048088,
        1.00408826788,
        0.9941427258800001,
        1.0017954688800002,
        1.0002936338800001,
        0.99750576788,
        0.9998274048799999
      ],
      "exit_codes": [
        0,
        0,
        0,
        0,
        0,
        0,
        0,
        0,
        0,
        0
      ]
    },
    {
      "command": "nix-instantiate",
      "mean": 0.39730908598000003,
      "stddev": 0.008423887039689753,
      "median": 0.39765662988000006,
      "user": 0.21012079999999997,
      "system": 0.10005808000000001,
      "min": 0.38468385788000004,
      "max": 0.40708913788000006,
      "times": [
        0.40356220788,
        0.40708913788000006,
        0.40551935188000005,
        0.39018445388000006,
        0.39918654588,
        0.39612671388000004,
        0.38468385788000004,
        0.39392038988000005,
        0.40661484888000005,
        0.38620335188000005
      ],
      "exit_codes": [
        0,
        0,
        0,
        0,
        0,
        0,
        0,
        0,
        0,
        0
      ]
    }
  ]
}
