{
  "results": [
    {
      "command": "snix",
      "mean": 1.04901594094,
      "stddev": 0.006523220525821537,
      "median": 1.04903513464,
      "user": 0.9353103599999999,
      "system": 0.10912686,
      "min": 1.03684989714,
      "max": 1.05797820914,
      "times": [
        1.05659568314,
        1.03684989714,
        1.05797820914,
        1.04724129814,
        1.04434897714,
        1.05082897114,
        1.0442429371400002,
        1.04600513614,
        1.05148031914,
        1.05458798114
      ],
      "exit_codes": [
        0,
        0,
        0,
        0,
        0,
        0,
        0,
        0,
        0,
        0
      ]
    },
    {
      "command": "nix-instantiate",
      "mean": 0.47098870224,
      "stddev": 0.010779937364848315,
      "median": 0.47301275764000006,
      "user": 0.22972295999999998,
      "system": 0.10430595999999999,
      "min": 0.45681498314,
      "max": 0.48552214214000006,
      "times": [
        0.48272467314000006,
        0.47611266114000006,
        0.45691467014000003,
        0.46831564314,
        0.47801006914000005,
        0.45681498314,
        0.46991285414000006,
        0.47761540814000003,
        0.45794391814,
        0.48552214214000006
      ],
      "exit_codes": [
        0,
        0,
        0,
        0,
        0,
        0,
        0,
        0,
        0,
        0
      ]
    }
  ]
}
