{
  "results": [
    {
      "command": "snix",
      "mean": 1.0889453379800003,
      "stddev": 0.014678576873624375,
      "median": 1.08913406298,
      "user": 0.9663242000000001,
      "system": 0.11698822,
      "min": 1.06759349648,
      "max": 1.11079108048,
      "times": [
        1.0727399314800001,
        1.1087581644800002,
        1.08838897848,
        1.0926389084800001,
        1.11079108048,
        1.08987914748,
        1.0768584594800001,
        1.10044897348,
        1.06759349648,
        1.08135623948
      ],
      "exit_codes": [
        0,
        0,
        0,
        0,
        0,
        0,
        0,
        0,
        0,
        0
      ]
    },
    {
      "command": "nix-instantiate",
      "mean": 0.42783143128,
      "stddev": 0.010509056218057361,
      "median": 0.42462708298,
      "user": 0.23473629999999995,
      "system": 0.10299871999999999,
      "min": 0.41558858448,
      "max": 0.44883365948000004,
      "times": [
        0.42297368248,
        0.41558858448,
        0.42494213648,
        0.42431202948,
        0.43509523248000004,
        0.43772066048,
        0.41855254148,
        0.44883365948000004,
        0.43248237748,
        0.41781340848000004
      ],
      "exit_codes": [
        0,
        0,
        0,
        0,
        0,
        0,
        0,
        0,
        0,
        0
      ]
    }
  ]
}
