{
  "results": [
    {
      "command": "snix",
      "mean": 1.0608901581799999,
      "stddev": 0.005022248905044835,
      "median": 1.0621367417799998,
      "user": 0.9454063199999998,
      "system": 0.11002461999999999,
      "min": 1.05104687478,
      "max": 1.06773617578,
      "times": [
        1.05732603478,
        1.05508638578,
        1.06137395878,
        1.06293988378,
        1.06472961978,
        1.06773617578,
        1.0645721367799998,
        1.05104687478,
        1.06119098678,
        1.06289952478
      ],
      "exit_codes": [
        0,
        0,
        0,
        0,
        0,
        0,
        0,
        0,
        0,
        0
      ]
    },
    {
      "command": "nix-instantiate",
      "mean": 0.4686295864799999,
      "stddev": 0.009846887896434354,
      "median": 0.46743497828,
      "user": 0.22517521999999995,
      "system": 0.10805642,
      "min": 0.45741438478,
      "max": 0.48593658578,
      "times": [
        0.45841233078,
        0.45884908978,
        0.48593658578,
        0.46469113378,
        0.48207892678,
        0.47017882278,
        0.46408978878,
        0.45741438478,
        0.47177122378,
        0.47287357778
      ],
      "exit_codes": [
        0,
        0,
        0,
        0,
        0,
        0,
        0,
        0,
        0,
        0
      ]
    }
  ]
}
