{
  "results": [
    {
      "command": "snix",
      "mean": 1.0086407127800001,
      "stddev": 0.006264259886582206,
      "median": 1.0092780162800001,
      "user": 0.8976677200000001,
      "system": 0.1065938,
      "min": 0.99684720628,
      "max": 1.01775238228,
      "times": [
        1.00357176628,
        1.01002581428,
        1.01775238228,
        1.0173244112800002,
        1.00958662428,
        1.00992790928,
        1.00896940828,
        1.00879636828,
        1.0036052372800002,
        0.99684720628
      ],
      "exit_codes": [
        0,
        0,
        0,
        0,
        0,
        0,
        0,
        0,
        0,
        0
      ]
    },
    {
      "command": "nix-instantiate",
      "mean": 0.3982953671800001,
      "stddev": 0.009198599736534498,
      "median": 0.3974083017800001,
      "user": 0.20928131999999997,
      "system": 0.10223610000000001,
      "min": 0.38693290028000005,
      "max": 0.41066901428,
      "times": [
        0.40982927828000004,
        0.41066901428,
        0.38693290028000005,
        0.39128456328000005,
        0.38774496128,
        0.40768218728000005,
        0.39505422728000006,
        0.39060641628000004,
        0.40338774728000004,
        0.39976237628000005
      ],
      "exit_codes": [
        0,
        0,
        0,
        0,
        0,
        0,
        0,
        0,
        0,
        0
      ]
    }
  ]
}
