{
  "results": [
    {
      "command": "snix",
      "mean": 1.05802149706,
      "stddev": 0.020666896572802195,
      "median": 1.05351392886,
      "user": 0.9470809599999999,
      "system": 0.10638406,
      "min": 1.04155724236,
      "max": 1.11368054736,
      "times": [
        1.04155724236,
        1.05542555036,
        1.04468604436,
        1.04750654236,
        1.05536695436,
        1.05166090336,
        1.11368054736,
        1.06465640036,
        1.04867380736,
        1.05700097836
      ],
      "exit_codes": [
        0,
        0,
        0,
        0,
        0,
        0,
        0,
        0,
        0,
        0
      ]
    },
    {
      "command": "nix-instantiate",
      "mean": 0.46488722916,
      "stddev": 0.009534923115775779,
      "median": 0.46745565836,
      "user": 0.22809306000000001,
      "system": 0.10011835999999999,
      "min": 0.44542505236,
      "max": 0.47892037636,
      "times": [
        0.44542505236,
        0.46946139336000003,
        0.46727069536000004,
        0.47892037636,
        0.47156085636,
        0.46764062136,
        0.47155876236,
        0.45854115536,
        0.46202081436000003,
        0.45647256436
      ],
      "exit_codes": [
        0,
        0,
        0,
        0,
        0,
        0,
        0,
        0,
        0,
        0
      ]
    }
  ]
}
