{
  "results": [
    {
      "command": "snix",
      "mean": 1.04980920042,
      "stddev": 0.007224851763258755,
      "median": 1.0504944850199998,
      "user": 0.93768128,
      "system": 0.10719696000000001,
      "min": 1.0383497260199999,
      "max": 1.0605544730199998,
      "times": [
        1.0521651180199998,
        1.0383497260199999,
        1.0605544730199998,
        1.0562507690199998,
        1.04844013602,
        1.0402848380199998,
        1.0565214290199998,
        1.04882385202,
        1.0442829490199999,
        1.0524187140199999
      ],
      "exit_codes": [
        0,
        0,
        0,
        0,
        0,
        0,
        0,
        0,
        0,
        0
      ]
    },
    {
      "command": "nix-instantiate",
      "mean": 0.46741203472,
      "stddev": 0.00830312493539057,
      "median": 0.46793846652000004,
      "user": 0.22526658,
      "system": 0.10852176,
      "min": 0.45534781702000005,
      "max": 0.48208756302000005,
      "times": [
        0.46916218402000004,
        0.46837015502,
        0.47727247002,
        0.48208756302000005,
        0.45534781702000005,
        0.46158195702000004,
        0.46394724902,
        0.46750677802,
        0.47129479302000005,
        0.45754938102000003
      ],
      "exit_codes": [
        0,
        0,
        0,
        0,
        0,
        0,
        0,
        0,
        0,
        0
      ]
    }
  ]
}
