{
  "results": [
    {
      "command": "snix",
      "mean": 1.02630538624,
      "stddev": 0.007745588272659034,
      "median": 1.0259635068400002,
      "user": 0.9125937000000001,
      "system": 0.10885616000000001,
      "min": 1.01301620984,
      "max": 1.03783412484,
      "times": [
        1.02168944984,
        1.02487402084,
        1.02884769584,
        1.03783412484,
        1.0299261448400001,
        1.01301620984,
        1.02705299284,
        1.02082452884,
        1.03775771984,
        1.02123097484
      ],
      "exit_codes": [
        0,
        0,
        0,
        0,
        0,
        0,
        0,
        0,
        0,
        0
      ]
    },
    {
      "command": "nix-instantiate",
      "mean": 0.40672935004,
      "stddev": 0.010670998235484185,
      "median": 0.40262916834000007,
      "user": 0.2163271,
      "system": 0.10265326,
      "min": 0.39703002884000005,
      "max": 0.42699732484,
      "times": [
        0.40253317584000003,
        0.39941150984,
        0.40977188984,
        0.39703002884000005,
        0.39782194884,
        0.42448060584,
        0.40167881384000004,
        0.42699732484,
        0.40272516084000004,
        0.40484304184000003
      ],
      "exit_codes": [
        0,
        0,
        0,
        0,
        0,
        0,
        0,
        0,
        0,
        0
      ]
    }
  ]
}
