{
  "results": [
    {
      "command": "snix",
      "mean": 0.99915059528,
      "stddev": 0.009457078276660981,
      "median": 0.99794062698,
      "user": 0.8852341600000001,
      "system": 0.10788595999999999,
      "min": 0.9876838424800001,
      "max": 1.0169672914799999,
      "times": [
        1.0090729374799998,
        0.9892634194800001,
        1.0169672914799999,
        0.9951980974800001,
        0.9904236664800001,
        1.0006831564799998,
        1.00416133048,
        0.99452454848,
        0.9876838424800001,
        1.00352766248
      ],
      "exit_codes": [
        0,
        0,
        0,
        0,
        0,
        0,
        0,
        0,
        0,
        0
      ]
    },
    {
      "command": "nix-instantiate",
      "mean": 0.40207982758000005,
      "stddev": 0.004431234250923319,
      "median": 0.40186900498000006,
      "user": 0.21042756,
      "system": 0.10384316,
      "min": 0.39378553248000003,
      "max": 0.4087497184800001,
      "times": [
        0.40264180848000003,
        0.40162201548000004,
        0.40562175948000007,
        0.40764536848000005,
        0.3994224054800001,
        0.4087497184800001,
        0.39960476248000004,
        0.40211599448000007,
        0.39378553248000003,
        0.39958891048000006
      ],
      "exit_codes": [
        0,
        0,
        0,
        0,
        0,
        0,
        0,
        0,
        0,
        0
      ]
    }
  ]
}
