{
  "results": [
    {
      "command": "snix",
      "mean": 1.06395427414,
      "stddev": 0.012107774932412935,
      "median": 1.06546236864,
      "user": 0.9446550799999998,
      "system": 0.11462912000000003,
      "min": 1.04478434414,
      "max": 1.08342377914,
      "times": [
        1.04478434414,
        1.0485330531400001,
        1.05374135314,
        1.06717544614,
        1.0625485321400001,
        1.07550498214,
        1.07290651414,
        1.0658201791400002,
        1.08342377914,
        1.06510455814
      ],
      "exit_codes": [
        0,
        0,
        0,
        0,
        0,
        0,
        0,
        0,
        0,
        0
      ]
    },
    {
      "command": "nix-instantiate",
      "mean": 0.4712751818400001,
      "stddev": 0.007732341447353723,
      "median": 0.47055889714000004,
      "user": 0.23434968,
      "system": 0.10127291999999999,
      "min": 0.45931823014,
      "max": 0.48865453914,
      "times": [
        0.46756797514000004,
        0.46595973314,
        0.47466091714,
        0.47535305114000004,
        0.47217603214000003,
        0.45931823014,
        0.46894176214000005,
        0.48865453914,
        0.47268570314,
        0.46743387514
      ],
      "exit_codes": [
        0,
        0,
        0,
        0,
        0,
        0,
        0,
        0,
        0,
        0
      ]
    }
  ]
}
