{
  "results": [
    {
      "command": "snix",
      "mean": 1.10699700534,
      "stddev": 0.010753596159847417,
      "median": 1.11018244484,
      "user": 0.9930215399999998,
      "system": 0.10942079999999998,
      "min": 1.08216454934,
      "max": 1.11738952934,
      "times": [
        1.11670948534,
        1.11000646934,
        1.11622986234,
        1.1006160303399999,
        1.08216454934,
        1.10072131934,
        1.11203949434,
        1.11738952934,
        1.10373489334,
        1.11035842034
      ],
      "exit_codes": [
        0,
        0,
        0,
        0,
        0,
        0,
        0,
        0,
        0,
        0
      ]
    },
    {
      "command": "nix-instantiate",
      "mean": 0.47577524543999994,
      "stddev": 0.009643427415078605,
      "median": 0.47335611034,
      "user": 0.23859184,
      "system": 0.1043175,
      "min": 0.46718818634,
      "max": 0.50078712534,
      "times": [
        0.48024707334,
        0.50078712534,
        0.47630501834,
        0.47466453234,
        0.47541428734,
        0.46727772534,
        0.47198517034,
        0.47204768834,
        0.47183564734,
        0.46718818634
      ],
      "exit_codes": [
        0,
        0,
        0,
        0,
        0,
        0,
        0,
        0,
        0,
        0
      ]
    }
  ]
}
