{
  "results": [
    {
      "command": "snix",
      "mean": 1.05295508506,
      "stddev": 0.007538747109043701,
      "median": 1.05386831486,
      "user": 0.9351910999999999,
      "system": 0.11310667999999999,
      "min": 1.03776317786,
      "max": 1.06623404486,
      "times": [
        1.05296901286,
        1.0476163868600001,
        1.06623404486,
        1.03776317786,
        1.05736545286,
        1.05806394886,
        1.0484092898600001,
        1.05141117686,
        1.0547676168600002,
        1.05495074286
      ],
      "exit_codes": [
        0,
        0,
        0,
        0,
        0,
        0,
        0,
        0,
        0,
        0
      ]
    },
    {
      "command": "nix-instantiate",
      "mean": 0.47241752086,
      "stddev": 0.01198512945683985,
      "median": 0.46656529486,
      "user": 0.2289329,
      "system": 0.10654208000000001,
      "min": 0.45935446086000004,
      "max": 0.49632511786,
      "times": [
        0.46583815386,
        0.46533160286,
        0.46292400386000004,
        0.47876111786000003,
        0.49632511786,
        0.48277885586,
        0.45935446086000004,
        0.48260342086,
        0.46729243586,
        0.46296603886000004
      ],
      "exit_codes": [
        0,
        0,
        0,
        0,
        0,
        0,
        0,
        0,
        0,
        0
      ]
    }
  ]
}
