{
  "results": [
    {
      "command": "snix",
      "mean": 1.0390017107199998,
      "stddev": 0.01201651255500178,
      "median": 1.03864144812,
      "user": 0.91977446,
      "system": 0.11341118000000001,
      "min": 1.02141464112,
      "max": 1.05764584712,
      "times": [
        1.02813401612,
        1.04313711212,
        1.03353882812,
        1.04113698412,
        1.05764584712,
        1.02743604512,
        1.04538561512,
        1.03614591212,
        1.02141464112,
        1.05604210612
      ],
      "exit_codes": [
        0,
        0,
        0,
        0,
        0,
        0,
        0,
        0,
        0,
        0
      ]
    },
    {
      "command": "nix-instantiate",
      "mean": 0.39879478492,
      "stddev": 0.007327722071424312,
      "median": 0.39817549512000006,
      "user": 0.21716936000000003,
      "system": 0.09680968,
      "min": 0.38902767512,
      "max": 0.41191130512000007,
      "times": [
        0.40738193512000004,
        0.39250874412000003,
        0.41191130512000007,
        0.39377612212000007,
        0.39755237612000005,
        0.4023556541200001,
        0.38902767512,
        0.39879861412000006,
        0.39189586912,
        0.40273955412000007
      ],
      "exit_codes": [
        0,
        0,
        0,
        0,
        0,
        0,
        0,
        0,
        0,
        0
      ]
    }
  ]
}
