{
  "results": [
    {
      "command": "snix",
      "mean": 0.96272139586,
      "stddev": 0.021811617673037048,
      "median": 0.9615983006600001,
      "user": 0.6756749400000001,
      "system": 0.31378027999999997,
      "min": 0.9334917771600001,
      "max": 0.9988449001599999,
      "times": [
        0.94524873316,
        0.9334917771600001,
        0.93895469216,
        0.97428849616,
        0.98604783116,
        0.96459987416,
        0.9585967271600001,
        0.94695138016,
        0.9988449001599999,
        0.9801895471600001
      ],
      "exit_codes": [
        0,
        0,
        0,
        0,
        0,
        0,
        0,
        0,
        0,
        0
      ]
    },
    {
      "command": "nix-instantiate",
      "mean": 0.28167009716,
      "stddev": 0.006863036820167932,
      "median": 0.27876505266,
      "user": 0.13974413999999996,
      "system": 0.09591548000000001,
      "min": 0.27525411316000004,
      "max": 0.29384891516,
      "times": [
        0.27579078616,
        0.29111567616,
        0.27752429116,
        0.28000581416000003,
        0.27635476916,
        0.27525411316000004,
        0.29384891516,
        0.27701611316,
        0.28805473616,
        0.28173575716
      ],
      "exit_codes": [
        0,
        0,
        0,
        0,
        0,
        0,
        0,
        0,
        0,
        0
      ]
    }
  ]
}
