{
  "results": [
    {
      "command": "snix",
      "mean": 1.0488572662200002,
      "stddev": 0.00817611255681273,
      "median": 1.05093545092,
      "user": 0.92782754,
      "system": 0.11616701999999998,
      "min": 1.0352780594200002,
      "max": 1.05911838342,
      "times": [
        1.05166883242,
        1.04606547542,
        1.05886732242,
        1.0352780594200002,
        1.05020206942,
        1.05911838342,
        1.0533172694200001,
        1.05279123542,
        1.0371992434200001,
        1.04406477142
      ],
      "exit_codes": [
        0,
        0,
        0,
        0,
        0,
        0,
        0,
        0,
        0,
        0
      ]
    },
    {
      "command": "nix-instantiate",
      "mean": 0.42000279342000013,
      "stddev": 0.005789302539710937,
      "median": 0.42061418042000004,
      "user": 0.23035003999999998,
      "system": 0.10020231999999998,
      "min": 0.41104065842000004,
      "max": 0.42691417042,
      "times": [
        0.42691417042,
        0.41484343342,
        0.42371429342000005,
        0.41647640142000003,
        0.42656249942,
        0.41374351942000004,
        0.42550459742,
        0.41104065842000004,
        0.42255091242000004,
        0.41867744842000004
      ],
      "exit_codes": [
        0,
        0,
        0,
        0,
        0,
        0,
        0,
        0,
        0,
        0
      ]
    }
  ]
}
